name,msg
Student 1,Batch 2020 ŌØż’ĖÅ
Student 2,Batch 2020 ŌØż’ĖÅ
Student 3,Batch 2020 ŌØż’ĖÅ
Student 4,Batch 2020 ŌØż’ĖÅ
Student 5,Batch 2020 ŌØż’ĖÅ
Student 6,Batch 2020 ŌØż’ĖÅ
Student 7,Batch 2020 ŌØż’ĖÅ
Student 8,Batch 2020 ŌØż’ĖÅ
Student 9,Batch 2020 ŌØż’ĖÅ
Student 10,Batch 2020 ŌØż’ĖÅ
Student 11,Batch 2020 ŌØż’ĖÅ
Student 12,Batch 2020 ŌØż’ĖÅ
Student 13,Batch 2020 ŌØż’ĖÅ
Student 14,Batch 2020 ŌØż’ĖÅ
Student 15,Batch 2020 ŌØż’ĖÅ
Student 16,Batch 2020 ŌØż’ĖÅ
Student 17,Batch 2020 ŌØż’ĖÅ
Student 18,Batch 2020 ŌØż’ĖÅ
Student 19,Batch 2020 ŌØż’ĖÅ
Student 20,Batch 2020 ŌØż’ĖÅ
Student 21,Batch 2020 ŌØż’ĖÅ
Student 22,Batch 2020 ŌØż’ĖÅ
Student 23,Batch 2020 ŌØż’ĖÅ
Student 24,Batch 2020 ŌØż’ĖÅ
Student 25,Batch 2020 ŌØż’ĖÅ
Student 26,Batch 2020 ŌØż’ĖÅ
Student 27,Batch 2020 ŌØż’ĖÅ
Student 28,Batch 2020 ŌØż’ĖÅ
Student 29,Batch 2020 ŌØż’ĖÅ
Student 30,Batch 2020 ŌØż’ĖÅ
Student 31,Batch 2020 ŌØż’ĖÅ
Student 32,Batch 2020 ŌØż’ĖÅ
Student 33,Batch 2020 ŌØż’ĖÅ
Student 34,Batch 2020 ŌØż’ĖÅ
Student 35,Batch 2020 ŌØż’ĖÅ
Student 36,Batch 2020 ŌØż’ĖÅ
Student 37,Batch 2020 ŌØż’ĖÅ
Student 38,Batch 2020 ŌØż’ĖÅ
Student 39,Batch 2020 ŌØż’ĖÅ
Student 40,Batch 2020 ŌØż’ĖÅ
Student 41,Batch 2020 ŌØż’ĖÅ
Student 42,Batch 2020 ŌØż’ĖÅ
Student 43,Batch 2020 ŌØż’ĖÅ
Student 44,Batch 2020 ŌØż’ĖÅ
Student 45,Batch 2020 ŌØż’ĖÅ
Student 46,Batch 2020 ŌØż’ĖÅ
Student 47,Batch 2020 ŌØż’ĖÅ
Student 48,Batch 2020 ŌØż’ĖÅ
Student 49,Batch 2020 ŌØż’ĖÅ
Student 50,Batch 2020 ŌØż’ĖÅ
Student 51,Batch 2020 ŌØż’ĖÅ
Student 52,Batch 2020 ŌØż’ĖÅ
Student 53,Batch 2020 ŌØż’ĖÅ
Student 54,Batch 2020 ŌØż’ĖÅ
Student 55,Batch 2020 ŌØż’ĖÅ
Student 56,Batch 2020 ŌØż’ĖÅ
Student 57,Batch 2020 ŌØż’ĖÅ
Student 58,Batch 2020 ŌØż’ĖÅ
Student 59,Batch 2020 ŌØż’ĖÅ
Student 60,Batch 2020 ŌØż’ĖÅ
Student 61,Batch 2020 ŌØż’ĖÅ
Student 62,Batch 2020 ŌØż’ĖÅ
Student 63,Batch 2020 ŌØż’ĖÅ
Student 64,Batch 2020 ŌØż’ĖÅ
Student 65,Batch 2020 ŌØż’ĖÅ
Student 66,Batch 2020 ŌØż’ĖÅ
Student 67,Batch 2020 ŌØż’ĖÅ
Student 68,Batch 2020 ŌØż’ĖÅ
Student 69,Batch 2020 ŌØż’ĖÅ
Student 70,Batch 2020 ŌØż’ĖÅ
Student 71,Batch 2020 ŌØż’ĖÅ
Student 72,Batch 2020 ŌØż’ĖÅ
Student 73,Batch 2020 ŌØż’ĖÅ
Student 74,Batch 2020 ŌØż’ĖÅ
Student 75,Batch 2020 ŌØż’ĖÅ
Student 76,Batch 2020 ŌØż’ĖÅ
Student 77,Batch 2020 ŌØż’ĖÅ
Student 78,Batch 2020 ŌØż’ĖÅ
Student 79,Batch 2020 ŌØż’ĖÅ
Student 80,Batch 2020 ŌØż’ĖÅ
Student 81,Batch 2020 ŌØż’ĖÅ
Student 82,Batch 2020 ŌØż’ĖÅ
Student 83,Batch 2020 ŌØż’ĖÅ
Student 84,Batch 2020 ŌØż’ĖÅ
Student 85,Batch 2020 ŌØż’ĖÅ
Student 86,Batch 2020 ŌØż’ĖÅ
Student 87,Batch 2020 ŌØż’ĖÅ
Student 88,Batch 2020 ŌØż’ĖÅ
Student 89,Batch 2020 ŌØż’ĖÅ
Student 90,Batch 2020 ŌØż’ĖÅ
Student 91,Batch 2020 ŌØż’ĖÅ
Student 92,Batch 2020 ŌØż’ĖÅ
Student 93,Batch 2020 ŌØż’ĖÅ
Student 94,Batch 2020 ŌØż’ĖÅ
Student 95,Batch 2020 ŌØż’ĖÅ
Student 96,Batch 2020 ŌØż’ĖÅ
Student 97,Batch 2020 ŌØż’ĖÅ
Student 98,Batch 2020 ŌØż’ĖÅ
Student 99,Batch 2020 ŌØż’ĖÅ
Student 100,Batch 2020 ŌØż’ĖÅ
Student 101,Batch 2020 ŌØż’ĖÅ
Student 102,Batch 2020 ŌØż’ĖÅ
Student 103,Batch 2020 ŌØż’ĖÅ
Student 104,Batch 2020 ŌØż’ĖÅ
Student 105,Batch 2020 ŌØż’ĖÅ
Student 106,Batch 2020 ŌØż’ĖÅ
Student 107,Batch 2020 ŌØż’ĖÅ
Student 108,Batch 2020 ŌØż’ĖÅ
Student 109,Batch 2020 ŌØż’ĖÅ
Student 110,Batch 2020 ŌØż’ĖÅ
Student 111,Batch 2020 ŌØż’ĖÅ
Student 112,Batch 2020 ŌØż’ĖÅ
Student 113,Batch 2020 ŌØż’ĖÅ
Student 114,Batch 2020 ŌØż’ĖÅ
Student 115,Batch 2020 ŌØż’ĖÅ
Student 116,Batch 2020 ŌØż’ĖÅ
Student 117,Batch 2020 ŌØż’ĖÅ
Student 118,Batch 2020 ŌØż’ĖÅ
Student 119,Batch 2020 ŌØż’ĖÅ
Student 120,Batch 2020 ŌØż’ĖÅ
Student 121,Batch 2020 ŌØż’ĖÅ
Student 122,Batch 2020 ŌØż’ĖÅ
Student 123,Batch 2020 ŌØż’ĖÅ
Student 124,Batch 2020 ŌØż’ĖÅ
Student 125,Batch 2020 ŌØż’ĖÅ
